Employee ID,Employee Name,Employee Salary,Employee Department
1000,Dale Smith,66577.26,Finance
1001,Mr. Jason Richardson,66118.72,Finance
1002,Luis Patterson,88527.54,Sales
1003,Erica Sanders,67695.53,Support
1004,David Cannon,38108.87,HR
1005,Steven Smith,117093.43,HR
1006,Samuel Phillips,101387.03,Finance
1007,Angela Summers,49445.66,Support
1008,Michael Smith,47713.66,Support
1009,Mary King,99037.89,Marketing
1010,Christopher York,36058.54,Marketing
1011,Cindy Fox,48281.98,Marketing
1012,Johnathan Gentry,63735.88,HR
1013,Jeremy Stark,94729.17,Engineering
1014,David Cortez,53356.97,Sales
1015,Douglas Allen,101524.66,Support
1016,Ricky Morales,52018.04,Engineering
1017,Donna Hernandez,97849.38,Finance
1018,Barry Bonilla,112284.08,Finance
1019,Stephanie Hernandez,79055.66,HR
1020,Raymond Miller,103410.31,Marketing
1021,Brandi Rodriguez,65690.15,Finance
1022,Steven Williams,74090.85,HR
1023,Angela Price,97809.15,Marketing
1024,Tiffany Bryant,99782.46,HR
1025,Matthew Cohen MD,90149.13,Engineering
1026,Timothy Soto,76384.46,Engineering
1027,Lisa Davis,77984.45,Engineering
1028,Chelsea Arnold,43682.93,Sales
1029,Lindsey Lee,73239.86,Marketing
1030,David Barnes,33650.97,Engineering
1031,Elizabeth Nielsen,53951.08,Finance
1032,Kayla Bradley,32748.59,Marketing
1033,Amy Scott,51560.59,Marketing
1034,Dawn Miller,66165.21,Sales
1035,Terri Spencer,79216.49,HR
1036,Robert Guerrero,34376.02,Support
1037,Karen Fox,98717.29,Engineering
1038,Stanley Roberts,47770.52,Finance
1039,Martin Crawford,54525.55,HR
1040,Michael Daniels,117991.44,Engineering
1041,Katherine Walters,34119.9,Finance
1042,Kathleen Delgado,40158.22,Sales
1043,Kayla Moss,67875.65,Sales
1044,Angelica Baxter,100340.04,HR
1045,Joseph Smith,73647.47,Engineering
1046,David Stewart,119293.76,HR
1047,Jenna Simon,75993.34,Sales
1048,Clayton Riggs,81938.01,Engineering
1049,Wendy Carroll,92028.2,Finance
1050,Derek Bird,61854.75,Sales
1051,Timothy Parks,112455.9,Support
1052,Monica Villa,117767.22,Finance
1053,Lynn Gomez,97380.94,Engineering
1054,Andrew Becker,77707.44,Marketing
1055,Stacy Ramsey,45878.35,Support
1056,Mr. Samuel Martinez,116555.46,Sales
1057,Katherine Haley,104200.13,Marketing
1058,Troy Perez,85076.47,Sales
1059,Margaret Fowler,88010.89,Engineering
1060,Patrick Orozco,39529.89,Sales
1061,Thomas Aguilar,79393.11,Support
1062,Nina Goodwin,37661.38,Finance
1063,Kelly Cruz,68521.09,Sales
1064,Carlos Soto,35879.45,Sales
1065,Michael Gonzales,51885.39,Finance
1066,Claudia Garcia,42735.4,Finance
1067,Samuel Esparza,100756.11,Marketing
1068,Steven Stanley,34068.41,Support
1069,Laurie Vaughn,55540.59,HR
1070,John Jackson,86814.83,Marketing
1071,Michael Harrison,63030.05,Marketing
1072,Mr. Marcus Gentry,70829.52,Support
1073,Theresa Lee,31964.21,Sales
1074,Kevin Alexander,43873.29,Support
1075,Robin Rojas,48838.6,Sales
1076,Hailey Waller,68921.22,Sales
1077,Billy Munoz,78075.34,Marketing
1078,David Crane DDS,97683.47,Finance
1079,Dr. Colleen Hill,43916.19,Engineering
1080,Shari Mendoza,82533.31,Engineering
1081,Mark Miller,41468.22,Marketing
1082,Michael Adams,102980.51,HR
1083,Fred Johnson,85763.62,Engineering
1084,James Gonzales,98957.29,Engineering
1085,James Hernandez,94110.97,Finance
1086,Michelle Butler,69022.39,Marketing
1087,Monique Ward,44622.11,Marketing
1088,Sharon Mercado,36730.28,Finance
1089,Samantha Barker DDS,92283.74,Sales
1090,Jessica Griffin,46968.62,Engineering
1091,Christian Dixon,82564.55,Sales
1092,Micheal Leblanc,111143.55,Finance
1093,Tonya Perkins,70916.2,HR
1094,Kristin Blackwell,118433.26,Finance
1095,Ebony Baker,51254.4,Finance
1096,Sally Tate,64134.37,Sales
1097,Jessica Thompson,109100.61,Sales
1098,Kenneth Jackson,72597.41,Support
1099,Jennifer Edwards,87042.72,Engineering
1100,Nathaniel Mason,34923.76,Marketing
1101,Henry Sullivan,110767.29,Sales
1102,Alan Nelson,37156.21,Marketing
1103,Andrea Kidd,92010.93,Finance
1104,Russell Thompson,70070.47,Support
1105,Courtney Cantu,65376.74,Sales
1106,Andrew Mack,33146.66,Finance
1107,Tyler Vance,63666.95,Engineering
1108,Christian Lopez,35694.24,HR
1109,Kelly Coleman,114960.17,Finance
1110,Stephen Hampton,117331.76,Engineering
1111,Sally Dickerson,118270.65,HR
1112,Jeffrey Martin,119155.76,Marketing
1113,Justin Anderson,30968.98,HR
1114,Alexander Stephens,36476.94,Engineering
1115,Ariel Peters,40819.5,Sales
1116,Sandra Moreno,54020.42,HR
1117,Ashley Morgan,80587.09,Marketing
1118,Lisa Phillips,43540.04,Sales
1119,Emily Greene,101402.2,Support
1120,Jared Espinoza,47704.67,HR
1121,Kristopher Palmer,75749.34,Finance
1122,Andrea Bennett,76405.57,Finance
1123,Bobby Mueller,36680.01,Sales
1124,Deborah Graham,31635.73,Finance
1125,Jacob Bowman,79099.19,HR
1126,Melissa Walton,51386.5,HR
1127,Cameron Mann,108263.66,HR
1128,Mark Beasley,105650.66,Finance
1129,Amanda Hill,87644.62,HR
1130,James Adams,34391.57,Finance
1131,Mario Thompson,96883.73,Finance
1132,Tracy Parker,53870.36,Engineering
1133,Tracy Murray,104518.89,Engineering
1134,Jesse Glover,95961.21,Sales
1135,Angela Short,49381.66,Finance
1136,David Schmidt,110653.8,Support
1137,Matthew Ortega,57164.85,Finance
1138,Guy Callahan,83128.86,Support
1139,Brandy Dillon,51069.45,Engineering
1140,Robert Fisher,84897.5,Support
1141,Lawrence Curtis,40858.1,Marketing
1142,Evelyn Kim,108040.53,HR
1143,Stacy Boyd,86361.5,Sales
1144,Samuel Smith DDS,56527.81,HR
1145,Nathan Bradley,107384.17,Engineering
1146,Amy Gentry,83580.17,Marketing
1147,Cathy Maxwell,67781.4,HR
1148,Harry Martinez,117566.35,Finance
1149,Dennis Lynch,99182.69,Engineering
1150,Joyce Sims,78167.73,Support
1151,Michelle Rodriguez,35463.02,Marketing
1152,Daniel Mendoza,46527.67,Sales
1153,Amy Smith,100670.69,Engineering
1154,Sarah Green,41483.9,Finance
1155,Bryan Larson,87301.22,Finance
1156,Daniel Gonzales,67695.06,Support
1157,Rebecca Moreno,84004.91,Marketing
1158,Christopher Walker,81289.81,Sales
1159,Margaret Olson,67947.17,Engineering
1160,Andrew Hill,80192.58,HR
1161,Todd Trujillo,33005.28,Support
1162,Vanessa Tucker,109954.32,Marketing
1163,Danielle Mendoza,89813.47,Support
1164,Philip Hernandez,108222.11,Marketing
1165,Jose Forbes,78421.22,Finance
1166,Amy Perry,69876.36,Support
1167,Lori Caldwell,100332.57,Engineering
1168,Sophia Davis,118165.51,Marketing
1169,Betty Fox,36497.06,Sales
1170,Angela Day,57274.62,Support
1171,Cassandra Molina,37503.03,Finance
1172,Keith Adkins,57065.42,HR
1173,James Casey,60785.46,Sales
1174,Teresa Simmons,65758.04,Engineering
1175,Harry Lang,82614.25,Sales
1176,Daniel Lyons,89884.71,HR
1177,Michael Maxwell,56240.48,Finance
1178,Hannah Moore,51928.54,Finance
1179,Jessica Anderson,91885.76,Finance
1180,Laura Gonzalez,50179.07,Support
1181,Amy Williams,97812.41,Engineering
1182,Stephanie Jones,57491.2,HR
1183,Sabrina Jensen,107373.97,HR
1184,Jennifer Stewart,95104.65,Support
1185,Christopher Richards,108161.96,Sales
1186,Austin Andrews,37154.68,Engineering
1187,Thomas Brady,118179.55,Engineering
1188,Jason Burgess,41461.65,Finance
1189,Nicole Mitchell,106144.17,HR
1190,Sean Silva,104890.0,Finance
1191,David Anderson,108973.57,Marketing
1192,Debbie Guerra,46488.88,Marketing
1193,Jason Jenkins,90990.82,Sales
1194,Kelly Zavala,69177.6,HR
1195,Gina Bryant,119598.04,Engineering
1196,Charles Silva,35897.51,HR
1197,Angelica Keith,43274.44,Engineering
1198,Michelle Lopez,59877.59,Finance
1199,Rebecca Orozco,69748.88,Marketing
1200,Stacy Swanson,62600.37,HR
1201,Bryan Morales,74683.07,Marketing
1202,Erica Blake,41150.07,Engineering
1203,Alison Gentry,113328.75,HR
1204,Christopher Young,54211.96,Engineering
1205,Brian Coffey,80323.31,Engineering
1206,Amy Douglas,40976.07,Sales
1207,Scott Lewis,68645.27,Finance
1208,Patrick Perry,41264.49,Sales
1209,Laura Jones,111634.3,HR
1210,Rachael Stark,49630.11,Support
1211,Mary Beasley,34471.99,Finance
1212,Bradley Lewis,50224.88,Sales
1213,Gregory Morgan,59701.45,Marketing
1214,Sharon Webb,56576.08,Finance
1215,Omar Fox,41665.65,Finance
1216,Sean Martinez,105861.42,Finance
1217,Kelly Watkins,81332.82,Support
1218,Richard Curtis,88832.99,Finance
1219,Alyssa Vasquez,59497.03,Marketing
1220,Jessica Braun,111937.77,Marketing
1221,Sara Snyder,104159.15,Engineering
1222,Laura Perry,59038.59,Marketing
1223,Rhonda Lee,49472.16,Support
1224,David Berg,73518.74,Sales
1225,Walter Kelly,38330.16,Marketing
1226,Jeremy Bush,98125.5,Sales
1227,Mckenzie Tucker,48449.62,Engineering
1228,Travis Kennedy,81197.78,Finance
1229,Hannah Thomas,50218.37,Engineering
1230,Amy Murray,40827.7,HR
1231,Steven Arnold,46739.99,Sales
1232,Danielle Wang,38189.96,Marketing
1233,Amber Ewing,87058.58,Finance
1234,Chelsea Bass,64140.37,HR
1235,Angela Callahan,78839.91,Engineering
1236,Bruce Scott,43864.77,Marketing
1237,Jonathan Graham,41495.76,Support
1238,Barbara Aguilar,92382.66,Sales
1239,Sarah Kemp,61315.21,Sales
1240,Allen Clark,81919.46,Sales
1241,Nicole Acosta,78246.87,HR
1242,Mrs. Nina Downs MD,71212.77,Finance
1243,George Evans,79711.83,Marketing
1244,Luis Smith,74447.15,HR
1245,Mr. Terry Young,104494.09,HR
1246,Cheryl Murphy,79626.54,HR
1247,Christopher Tucker,75710.21,Support
1248,Brett Bowman,38091.77,Support
1249,Brandon Graves,56027.42,Support
1250,Cynthia Taylor,113436.88,Sales
1251,Stacey Cardenas,73191.45,Support
1252,James Morse,86403.27,Finance
1253,Jennifer Daniels,77726.44,Support
1254,Jennifer Williamson,66043.9,Marketing
1255,Christina Edwards,69016.36,Sales
1256,Austin Williams,75652.1,Marketing
1257,Tammy Banks,36654.82,Support
1258,Ryan Ryan,58411.01,Marketing
1259,Michael Houston,51024.19,Marketing
1260,Richard Burke,107704.26,Support
1261,Kenneth Larson,102085.41,Finance
1262,Gloria Villa,110606.27,Support
1263,Barry Bell,78397.1,Engineering
1264,Patricia Holland,62650.95,Finance
1265,Gregory Rogers,60537.96,Support
1266,John Thomas,55447.23,Sales
1267,William Carpenter,60421.03,Engineering
1268,Jasmine Marks,89497.19,Support
1269,Daniel Haynes,106254.99,Engineering
1270,Shannon Jackson,87661.19,Marketing
1271,Diane Baker,117107.57,HR
1272,Bryan Barnes,42850.09,Marketing
1273,Jamie Montoya,115989.04,Engineering
1274,Louis Gonzales,36592.44,Support
1275,Tracy Baldwin,92632.02,Support
1276,Paul Chang,44762.9,Support
1277,Sheila Murray,94868.53,Marketing
1278,Tina Wong,99747.54,Sales
1279,Dana Lopez,41641.36,Sales
1280,Sarah Jacobs,112190.79,Sales
1281,Jennifer Nguyen,117120.61,Sales
1282,Jason Ramirez,37345.84,Support
1283,Krystal Glass,45542.58,Support
1284,Jennifer Smith,92980.68,Engineering
1285,Eugene Kennedy,91442.38,Support
1286,James Mcmahon,105093.68,Finance
1287,Jacob Kennedy,44614.65,Finance
1288,James Evans,57545.68,HR
1289,Philip Bradford,61195.63,Marketing
1290,Carrie Padilla,56331.85,HR
1291,Angela Castro,116026.18,Finance
1292,Frank Baker,57018.19,Marketing
1293,Sarah Good,87283.83,Marketing
1294,Geoffrey Freeman,91447.52,HR
1295,John Scott,35910.33,Marketing
1296,Kevin Peters,68341.51,Engineering
1297,Dawn Lawson,82216.34,Finance
1298,Kimberly Arnold,56744.23,Engineering
1299,Cassie Williams,61617.15,Finance
1300,Patricia Obrien,59732.32,HR
1301,Holly Kennedy,93733.7,HR
1302,James Norman,99636.61,Finance
1303,Christopher James,41395.82,HR
1304,Steven Mills,45445.41,Marketing
1305,Candice Thompson,81890.02,Marketing
1306,Kathryn Ramirez,60794.57,Finance
1307,April Moore,119517.69,HR
1308,Madison Mcpherson,82834.83,Sales
1309,Samantha Holmes,114537.24,Marketing
1310,Michelle Valencia,115470.73,Marketing
1311,Ana Johnson,114453.8,Support
1312,Gary Coleman,92975.94,Sales
1313,Matthew Sellers,37473.46,Finance
1314,Emily Reeves,39429.15,Finance
1315,Veronica Griffith,99083.26,Marketing
1316,Jeffery Little MD,35362.98,Support
1317,Amy Miller,73101.5,Sales
1318,Stephen Ross,58699.19,Marketing
1319,Julia Chambers,50706.24,Finance
1320,Charles Lopez,104824.25,HR
1321,Nicholas Henry,70483.22,Support
1322,Levi Turner,65881.28,HR
1323,Andrea Payne,71195.6,Engineering
1324,Amanda Choi,37317.11,Engineering
1325,Deborah Miller,110811.4,Sales
1326,Denise Wells,44155.43,Engineering
1327,Randy Mitchell,106669.1,Sales
1328,Emily Taylor,49146.12,HR
1329,Paul Rowe,115237.66,Sales
1330,Kevin Lewis,68553.01,HR
1331,Albert Steele,71498.28,Marketing
1332,Ryan Ferguson,62591.4,Engineering
1333,Joel Fischer,52172.4,HR
1334,Jon Gonzales,107944.87,Sales
1335,Dawn Martinez,77837.63,HR
1336,Michelle Obrien,83855.0,Support
1337,Joshua Perry,109987.47,Engineering
1338,Brianna Howell,80549.62,Engineering
1339,Tyler Novak,80657.97,Sales
1340,Brendan Sexton,81430.71,Finance
1341,Brandi Barrera,36043.51,Marketing
1342,Michael Peterson,103770.41,HR
1343,Jeanette Fernandez,35168.95,Support
1344,Cathy Jones,82541.27,HR
1345,Christopher Harris,64798.17,Finance
1346,Jennifer Lynch,110646.65,Marketing
1347,Karen Johnson,111402.89,Sales
1348,Rachel Woodward,69955.45,Support
1349,Victoria Johnson DDS,40974.26,Finance
1350,Anthony Bowen,63547.55,HR
1351,Todd Dodson,75231.48,Support
1352,Mary Patel,41785.54,Marketing
1353,Taylor Berry,35463.06,Support
1354,Adam Wells Jr.,100168.9,Marketing
1355,Kelly Wheeler,55360.61,Marketing
1356,Natalie Wright,118240.36,Support
1357,Caleb Carter,73926.94,HR
1358,Karen Scott,112361.76,Sales
1359,Gina Miller,40855.31,HR
1360,Robert Bell,36082.67,Sales
1361,April Sanders,81028.75,Marketing
1362,Marc Smith,77323.24,Support
1363,Charles Espinoza,53255.34,Support
1364,Thomas Garcia,96211.1,Sales
1365,Cindy Soto,59012.8,Marketing
1366,Zachary Gill,111176.33,Finance
1367,Michelle Smith,118873.01,Finance
1368,Samantha Nelson,95748.24,Engineering
1369,Deborah Lyons,87678.75,HR
1370,Joshua Bradford,90771.69,Finance
1371,Cindy Peterson,81527.8,HR
1372,Jennifer Alexander DDS,76853.26,Engineering
1373,Frank James,34152.99,Marketing
1374,Raymond Davidson,43674.39,HR
1375,Megan Odonnell,70720.2,Engineering
1376,Victor Rodriguez,100840.91,Engineering
1377,Kelsey Abbott,40468.99,HR
1378,Steven Murphy,68180.66,HR
1379,Ashley Johnson,56822.97,Engineering
1380,Anthony Nelson,72374.41,Support
1381,Jennifer Cole,111877.67,Sales
1382,Rachel Atkins,94431.17,Finance
1383,David Allen,33010.55,Support
1384,Kimberly Robles,31462.08,Support
1385,Megan Pham,42352.23,HR
1386,Michelle Perez,90465.88,Sales
1387,Lisa Chavez,31436.66,Sales
1388,Christina Davis,113240.4,Sales
1389,Benjamin Davis,79045.42,Marketing
1390,Tammy Brown DDS,85411.71,Engineering
1391,Samantha White,96816.29,HR
1392,Brandon Steele,94542.37,Finance
1393,Lacey Smith,119055.72,Support
1394,Nancy Johnson,92466.49,HR
1395,Tiffany Pittman,102515.51,Marketing
1396,Brittany Bryant,89181.62,Support
1397,Tina Garcia,30386.69,Finance
1398,Michael Conrad,110857.39,Finance
1399,Karen Ford,42903.17,Engineering
1400,Daniel Gibson,43648.04,Finance
1401,Terry Frey,89796.33,Finance
1402,Daniel Brown,109352.71,Marketing
1403,Stephen Adams,104753.99,Finance
1404,Emily Gonzales,101141.35,Engineering
1405,Timothy Boyd,56401.55,Sales
1406,Jeffrey Cantrell,110034.53,Marketing
1407,Alice White,49584.16,Finance
1408,Michael Wong,40898.01,Sales
1409,Jesus Schmidt,31174.16,Support
1410,Christine Torres,87764.69,Engineering
1411,Douglas Zamora,60007.97,Engineering
1412,Sarah Thomas,51340.3,Marketing
1413,Jennifer George,78983.68,Finance
1414,Victoria Ochoa,116481.77,Engineering
1415,Jeffrey Stephens,74436.94,Sales
1416,Joseph Douglas,119433.44,Support
1417,Roy Andrews,48652.84,HR
1418,Erin Rodriguez,115874.2,HR
1419,Mr. Juan Maldonado,30786.22,Sales
1420,Christine Nichols,74557.47,Support
1421,Jessica Evans,56857.37,Support
1422,Zachary Fowler,64112.18,HR
1423,Kenneth Doyle,107483.69,Engineering
1424,Michael Chapman,49311.57,Engineering
1425,Charles Sims,92810.96,Sales
1426,William Castillo,82024.71,Engineering
1427,Christopher Rodriguez,79682.51,Engineering
1428,Robert Gonzalez,31203.28,Engineering
1429,Phillip Mitchell,85509.28,HR
1430,Anthony Ellis,102036.44,Finance
1431,Michelle Mccall,84642.43,Marketing
1432,Taylor Haley,35543.18,Support
1433,Jeremy Mitchell,105104.14,Engineering
1434,Robert Alexander,45186.56,Sales
1435,Andrew Liu,71140.08,HR
1436,William Goodman,37285.71,Support
1437,Brandon Sanchez,42366.7,Sales
1438,Danielle Ward,113342.02,Finance
1439,James Kennedy,31047.05,Support
1440,Jennifer Lester,41279.16,Engineering
1441,Laurie Benton,115746.41,Sales
1442,Riley Johnson,41193.98,Marketing
1443,Jerry Lopez,72592.11,Support
1444,Stephanie Gonzalez,56588.86,Finance
1445,Bryan Booker,48830.95,Finance
1446,Rachel Barber,33780.0,Support
1447,Jenna Perez,58681.46,Support
1448,Andre Kennedy,106752.65,Sales
1449,Kelsey Washington,91174.38,Engineering
1450,George Walker,76783.24,Support
1451,Michael Taylor,30182.98,HR
1452,Robert Williams,85938.67,Marketing
1453,Mathew Alexander,68101.03,Sales
1454,Greg Byrd,105214.08,Marketing
1455,Angela Baldwin,104699.97,Support
1456,Jessica Miller,79321.22,Finance
1457,Elizabeth Hill,63382.33,HR
1458,James Richards,35059.0,Engineering
1459,Tammy Johnson,86109.62,Support
1460,Vanessa Garcia,94323.2,Support
1461,Chelsea Spears,66638.06,HR
1462,Kenneth Madden,105930.26,Engineering
1463,Erin Oconnor,60232.83,Engineering
1464,Jason Kane,99710.28,Engineering
1465,Tyler Archer,67347.75,Marketing
1466,Ryan Miller,39144.09,Engineering
1467,Daniel Lewis,79595.21,Marketing
1468,Regina Figueroa,109472.38,Finance
1469,Ashley Cruz,40022.55,Marketing
1470,Gregory Jackson,83698.79,Finance
1471,Amy Curry,110527.94,Support
1472,Kathy Bradford,105901.78,Sales
1473,Kyle Newton,72029.55,Marketing
1474,Carla Olson,84011.66,Support
1475,Todd Wise,63996.66,HR
1476,Paul Robbins,97659.51,Support
1477,Timothy Harrison,94875.73,HR
1478,Laura Smith,106000.51,Support
1479,Paul Evans,61330.03,Finance
1480,Bryce Powell,44491.99,Support
1481,Duane Hamilton MD,45315.18,Support
1482,Mr. Todd Snyder,65349.39,Finance
1483,David Stevens,39300.11,Sales
1484,Gary Sutton,47794.49,Support
1485,Vanessa Hall,88134.78,Marketing
1486,Harry Dawson,65546.23,Finance
1487,Diana Romero,39270.46,Support
1488,Michael Cox,59626.88,Finance
1489,David Jones,109906.84,HR
1490,Jesus Lane,54855.81,Marketing
1491,Keith Campbell,107667.14,HR
1492,Ryan Frazier,55903.51,HR
1493,Cameron Payne,45288.92,Support
1494,Gabriella Ray,111830.11,HR
1495,William Floyd,78769.47,Sales
1496,Christopher Craig,102414.44,Finance
1497,Mario Luna,57939.81,Engineering
1498,Michelle Bell,106647.74,Engineering
1499,Sara Thompson,42745.61,Support
1500,Thomas Hartman,39068.71,Engineering
1501,Gregory Cooper,53588.33,Finance
1502,Ian Winters,88910.16,HR
1503,Mrs. Sheila Lewis DVM,111864.73,Sales
1504,Christine Maynard,43536.94,Support
1505,Tracy Freeman,115463.02,Sales
1506,Nicolas Pratt,115020.13,Finance
1507,Scott Stevens,65190.62,HR
1508,Lisa Anderson,37857.77,Finance
1509,Ronnie Anderson,85817.81,Sales
1510,Mark Leonard,93512.99,Support
1511,Diane Montgomery,37442.85,HR
1512,Ruth Potts,65970.11,Support
1513,Dr. Luis Matthews,34547.18,Support
1514,Richard Allen,106648.94,Engineering
1515,Kirsten Jones,106694.2,Engineering
1516,Lindsay Richardson,67234.39,Finance
1517,Vincent Peterson,30343.11,Engineering
1518,Mary Taylor,99883.13,Sales
1519,Susan Blake,110238.64,Engineering
1520,Linda Long,57829.74,HR
1521,William Ray,113230.64,Support
1522,Christopher Baker,84277.79,Engineering
1523,Brandon Williams,37796.8,Sales
1524,Stacey Jones,71851.18,Marketing
1525,Erin Chavez,74410.94,Marketing
1526,Yvonne Herrera,98789.95,Support
1527,Jimmy Herrera,115908.67,HR
1528,Douglas Woods,97545.01,Engineering
1529,Anthony Griffith,103618.78,Marketing
1530,Kristy Wood,82609.16,Sales
1531,Brian Francis,66776.8,Finance
1532,Jessica Cuevas,106858.55,Engineering
1533,Jaime Wong,92360.08,Support
1534,Nicholas Willis,119818.59,Sales
1535,Bryan Cruz,102079.44,HR
1536,Bryan Ramirez,64858.02,Support
1537,Christopher Ramsey,62108.65,Marketing
1538,Jennifer Moore,106803.74,HR
1539,Kristine Jones,105510.28,Support
1540,Devin Gonzales,95341.82,Sales
1541,Marc Wagner,119837.17,Engineering
1542,Mark Olsen,65538.54,Sales
1543,Bobby Weaver,68458.74,Finance
1544,April King,48033.67,Marketing
1545,Deborah Pena,35429.29,Sales
1546,Paul Rosales,94132.03,HR
1547,Tracy Stephenson,106234.36,Engineering
1548,Haley Ramirez,108408.17,Engineering
1549,Jennifer Spencer,104222.04,Engineering
1550,Chelsea Burgess,89347.13,Finance
1551,Michael Guerra,56599.88,Marketing
1552,Sheena Aguilar,66872.85,Engineering
1553,Timothy Rice,56070.49,Support
1554,Jessica Warren,109617.44,Finance
1555,Dr. Jasmine Johnson,88580.06,Support
1556,Jared Reeves,37336.44,HR
1557,Austin Irwin,54571.28,Engineering
1558,Tony Kennedy,77242.49,HR
1559,Theresa Lane,110419.31,Engineering
1560,Chelsea Parks,59013.48,HR
1561,David Moore,72924.89,Engineering
1562,Christopher Hill,49157.86,Engineering
1563,Tanner King,74762.9,Marketing
1564,Michelle Davis,104100.61,Engineering
1565,Tara Smith,118193.67,Sales
1566,Amanda Andrade,119342.29,Engineering
1567,Thomas Christensen,77539.34,Support
1568,Matthew Armstrong,59639.44,Finance
1569,Michael Ball,82680.66,Engineering
1570,Tim Anderson,66769.68,Support
1571,Krystal West,87249.88,HR
1572,Mary Graham,116619.72,HR
1573,Gregory Collins,39315.19,Marketing
1574,Jamie Hill,84863.21,Engineering
1575,David Hill,119719.2,Marketing
1576,Carol Garcia,77230.69,HR
1577,Anna Martinez,74821.86,Marketing
1578,April Roberts,89497.58,Engineering
1579,Donald Dunn,53815.12,Finance
1580,David Joyce,57975.79,Sales
1581,Gabriel Cook,80690.36,Finance
1582,John Moore,94116.48,Engineering
1583,Teresa Ortiz,39849.61,Engineering
1584,Mrs. Danielle Brown,87639.3,HR
1585,Diana Hess,66443.18,Support
1586,Tracey Parker,87543.34,Support
1587,Robert Pearson,95143.98,Sales
1588,Lacey Jordan,77076.58,Marketing
1589,Brandy Middleton,72176.93,Sales
1590,Nicole Morales,48701.88,HR
1591,Christina Callahan,42839.57,Engineering
1592,Tamara Beasley,39781.42,HR
1593,Carla Miller,57439.05,Finance
1594,Jennifer Mayer,55384.05,Sales
1595,Michelle Shelton,79560.23,Support
1596,Henry Hart,93915.99,HR
1597,Mrs. Lisa Gordon,106186.5,Finance
1598,Kristin Wilson,62857.77,Engineering
1599,Robert Rodriguez,49944.65,Finance
1600,Kristie Flores,61821.26,Engineering
1601,Jessica Taylor,59726.26,Sales
1602,Tiffany Levine,73796.28,Finance
1603,Jessica Jacobs,96179.16,Sales
1604,Angela Walker,61922.84,Support
1605,Gerald Rogers,37088.15,HR
1606,James Bird,115634.99,Engineering
1607,Kaitlyn West,43559.61,Support
1608,Jennifer Jackson,80012.89,Sales
1609,Dr. Alexandra Wright,119890.84,Support
1610,Evelyn Moreno,86823.8,Engineering
1611,Michael Hall,66032.41,Marketing
1612,John Barr,117180.63,Support
1613,Denise Perez,60510.01,HR
1614,Denise Garcia,51926.28,Marketing
1615,Kenneth Farmer,77260.96,Support
1616,Phillip Lambert,95606.09,Sales
1617,Maria Koch,93538.27,Engineering
1618,Daniel Day,69841.3,HR
1619,Michael Porter,58207.0,Sales
1620,Rachel Baldwin,33108.16,Engineering
1621,Benjamin Lopez,105232.72,Finance
1622,Adam Acevedo,80698.38,Finance
1623,Jessica Smith,111179.53,Finance
1624,Matthew Walton,42485.13,Sales
1625,Timothy Rhodes,68370.31,Marketing
1626,Eric Elliott,116484.32,Engineering
1627,Charles Allen,76636.33,Marketing
1628,Joshua Burke,119987.95,HR
1629,Joseph Washington,107204.04,Marketing
1630,Erin Cantrell,70352.82,Support
1631,Marcus Davis,96051.56,Support
1632,Vincent Richards,101349.21,Engineering
1633,Amanda Price,91812.99,Marketing
1634,Mrs. Elizabeth Gordon,108911.51,Sales
1635,Robert Becker,59460.22,Finance
1636,Jessica Castro,70359.59,Finance
1637,Cameron Bradley,110904.4,Sales
1638,Kara Patel,97593.4,Sales
1639,Bradley Morgan,93958.05,Sales
1640,David Lopez,77861.96,Engineering
1641,Lindsay Collins,100414.79,Finance
1642,Manuel West,65977.18,Marketing
1643,Cheryl Cook,43331.14,Support
1644,Jacqueline Torres,66000.4,HR
1645,Alejandra Kemp,32653.2,Marketing
1646,Devin Phillips,66184.0,Support
1647,Victoria Ford,80516.92,Finance
1648,Megan Solis,97446.19,Support
1649,Garrett York,70431.87,Support
1650,Megan Wiggins,87932.28,Support
1651,Megan Waters,62302.69,Marketing
1652,Sarah Gordon,62249.95,Marketing
1653,Madison Hunt,35819.35,Engineering
1654,Hannah Carter,84592.37,Marketing
1655,Jessica Hutchinson,66532.6,HR
1656,Margaret Shepard,83766.91,Marketing
1657,Catherine Davis,60074.59,Engineering
1658,Edwin Mcpherson,73588.54,Engineering
1659,Nancy Robertson,66569.67,Sales
1660,Heather Wilson,33007.42,Support
1661,Taylor Garcia,34659.51,Marketing
1662,Destiny Kim,117645.17,Support
1663,Maria Walker,86607.56,HR
1664,Andrew Norton,45974.71,Engineering
1665,Jorge Kaufman,98726.74,Finance
1666,Alexandra Smith,98979.87,Marketing
1667,John Buchanan,99549.74,Sales
1668,Amy Patterson,61470.27,Engineering
1669,Sheila Thomas,56875.57,Finance
1670,Amy Payne,117579.21,HR
1671,Gregory Pearson,35963.03,Marketing
1672,Roberta Oliver,57599.16,Support
1673,Timothy Dennis,71077.6,Support
1674,Scott Cohen,83339.21,Support
1675,Molly Silva,117407.23,Engineering
1676,James Ellis,36355.0,Marketing
1677,Joshua Combs,75989.47,Support
1678,Benjamin Davis,83769.68,Finance
1679,Sarah Stanley,67387.93,HR
1680,Jason Jefferson,61891.04,Sales
1681,Joshua Johnson,66249.61,Support
1682,William Figueroa,83882.15,Sales
1683,Samantha Martinez,34208.92,Engineering
1684,Kelly Cruz,113974.28,Support
1685,Jessica Sellers,69996.32,Engineering
1686,Kelly Berry,79578.87,Marketing
1687,Kimberly Robertson,59114.43,HR
1688,Nancy Pena,118819.02,Support
1689,James Wells,100719.91,Engineering
1690,Alicia Barker,34305.98,Finance
1691,Katherine Jones,82805.46,Sales
1692,Sarah Thompson,77551.66,Marketing
1693,Daniel Martinez,65965.22,Support
1694,George Munoz,30365.67,Finance
1695,Monica Nelson,49341.95,Support
1696,Joshua Weber,76864.6,Engineering
1697,Larry Ayala,63289.03,Finance
1698,Matthew Villegas,119371.99,Engineering
1699,Chelsey Smith,94076.84,Finance
1700,Robert Richardson,57795.83,HR
1701,Gloria Turner,60717.91,Sales
1702,Laura Weber,33697.93,Sales
1703,Jeffery Davis II,88726.3,Finance
1704,Jason Mayo,44009.67,Support
1705,Keith Clark,67046.16,HR
1706,Daniel Robinson,77549.29,Finance
1707,Kevin Allen,69461.72,Support
1708,Natasha Conway,82169.38,Marketing
1709,Amanda Pearson,88056.62,Engineering
1710,Erin Adams,78562.78,HR
1711,Jason Benson,39956.58,Engineering
1712,Amy Parsons,105905.83,Sales
1713,Lori Webb,40951.92,Support
1714,Donald Hancock,57359.67,Marketing
1715,Cathy Jones,40936.93,Marketing
1716,Jessica Lowe,81087.99,Finance
1717,Crystal Dean DVM,85825.09,HR
1718,Scott Johnson,98347.28,Finance
1719,Ms. Gina Ayers,107570.11,Support
1720,Donald Green,94779.77,Support
1721,Cassandra Lee,54042.38,Marketing
1722,Brett Solomon,36829.19,Sales
1723,Craig Jackson,44618.98,Engineering
1724,Mary Thomas,44289.79,Marketing
1725,William Bailey,75075.6,Sales
1726,Chad Wagner,41838.73,Support
1727,Joseph Buckley,43032.15,Finance
1728,Andrew Kelley,95174.79,HR
1729,Colleen Roman,101825.99,Finance
1730,Justin Bryant,106461.23,Sales
1731,Regina Morrison,98149.45,HR
1732,John Gross,113313.41,Support
1733,Kevin Smith,110264.65,Engineering
1734,Kaylee Pittman,94403.65,Support
1735,Shannon Steele,63607.35,Marketing
1736,Jason King,68866.52,Engineering
1737,Matthew David,49970.05,Finance
1738,Andrew Gross,90358.94,Sales
1739,Megan Martinez,115638.72,Engineering
1740,Devin Vasquez,103163.34,Sales
1741,Gina Kennedy,48449.77,Marketing
1742,Shannon Mejia,36080.35,Marketing
1743,Kevin Castro,67868.1,Sales
1744,Todd Torres,109731.34,HR
1745,Jacob Rowe,37868.32,Marketing
1746,Mary Reyes,81603.91,Sales
1747,Peter Nguyen,65125.25,Finance
1748,Kelly Blair,118355.58,Finance
1749,Jennifer Green,43668.54,Support
1750,Sean Green,66755.4,Engineering
1751,Wesley Green,57541.9,Engineering
1752,Elizabeth Nelson,37019.15,Support
1753,Deanna Flores,111229.21,HR
1754,Alex Flores,100980.31,Sales
1755,Brandon Harrison,79040.18,Support
1756,Krista Lopez,113807.47,Marketing
1757,William Preston,105340.51,Sales
1758,Zachary Henry,83763.61,HR
1759,Ernest Pittman,110309.06,Finance
1760,Stephanie Lamb,44916.4,HR
1761,Ryan Stephenson,87196.94,Finance
1762,Russell Parker,116877.18,Sales
1763,Gregory Watkins,50544.45,Sales
1764,Tina Shaffer,64390.67,Sales
1765,Veronica Watkins,64630.33,Finance
1766,Dawn Glenn,50442.05,Finance
1767,Sean Delgado,111779.38,Support
1768,Chelsea Moreno,32480.54,HR
1769,Shelly Russell MD,119028.18,Sales
1770,Teresa Newman,104337.87,Engineering
1771,Teresa Coleman,50659.92,Sales
1772,Ashley Martin,79272.79,Support
1773,Jerry Galvan,107389.74,Finance
1774,Teresa Barrett,35770.17,Engineering
1775,Brian Norton,63791.74,Finance
1776,Ronald Ray,72703.45,Engineering
1777,James Brown,80903.51,Finance
1778,Luke Ramsey,55040.29,Engineering
1779,Robert Thomas,83785.12,Engineering
1780,Andrew Miller,109749.7,HR
1781,Yvonne White,88180.18,Sales
1782,Brian Schneider,37975.81,Support
1783,Alan Spencer,107067.87,Sales
1784,Diana Wise,63629.03,Marketing
1785,Katherine Martin,106605.59,Finance
1786,Carrie Robinson,91194.14,Engineering
1787,Jon Peterson,80967.99,Finance
1788,Jessica Burgess,41530.44,Engineering
1789,Nancy Pugh,117997.18,Finance
1790,Amy Fernandez,83287.45,HR
1791,Cory Morgan,108824.2,Support
1792,Monique Gomez,49525.49,HR
1793,Timothy Holmes,61356.67,Sales
1794,Scott Brown,43844.13,Marketing
1795,Jamie Shaw,89365.14,Marketing
1796,Laura Morse,56300.87,Engineering
1797,Chris Green,48301.8,Support
1798,Morgan Beck,66128.47,Finance
1799,Lisa Williams,117531.42,Sales
1800,Rodney Weaver,101364.63,Support
1801,Zachary Graham,91868.26,HR
1802,James Rodriguez,69513.07,HR
1803,Luis Vasquez,104245.58,HR
1804,William Tapia,78657.56,HR
1805,Nathaniel Sandoval,57955.72,Sales
1806,Chris Weiss,85537.69,HR
1807,Christina Brown DDS,68851.49,HR
1808,Andrew Brown,31916.21,Finance
1809,Brooke Fuentes,41899.19,Marketing
1810,Heather Shelton,75553.83,Marketing
1811,Calvin Barton,61436.25,Sales
1812,Brian Vance,88266.04,Support
1813,Stephanie Munoz,71719.2,Marketing
1814,Anthony King,115295.39,Sales
1815,Terri Daniels,71884.43,Sales
1816,John Reynolds,42856.59,Engineering
1817,Max Williams,106827.55,Finance
1818,Ryan Anderson,98796.25,Marketing
1819,Linda Collins,96709.15,Marketing
1820,Mrs. Leslie Mcdaniel,98923.15,Finance
1821,Kimberly Miles,89383.2,Sales
1822,Mrs. Kayla Phillips,63515.39,Engineering
1823,Renee Gardner,102102.68,Sales
1824,Michael Smith,107848.66,Finance
1825,Sheila Foley,117574.89,Finance
1826,Kristin Larson,80197.09,Finance
1827,Anna Clark,92197.54,Engineering
1828,Jeffrey Brown,71917.88,Engineering
1829,Joshua Fisher,86079.08,Marketing
1830,Hannah Fisher,74741.23,Support
1831,Adam Garcia,65105.64,HR
1832,Sarah Silva,43503.56,Marketing
1833,Steven Austin,67514.88,Support
1834,Jasmine Escobar,118774.21,Marketing
1835,Michael Miller,118231.02,Engineering
1836,Joanne Adkins,84996.53,HR
1837,James Jones,115446.09,Engineering
1838,Melinda Bowen,109826.0,Finance
1839,Laura Simon,98407.84,Support
1840,Alan Wade,84366.84,Support
1841,Elizabeth Jackson,46625.53,Finance
1842,Matthew Hurley,84645.57,HR
1843,Dale Garcia,46345.96,Finance
1844,Nicholas Todd,62107.17,Support
1845,Fernando Johnson,56325.69,Marketing
1846,Paula Adams,78150.98,Engineering
1847,William Carter,48302.54,Marketing
1848,Steven Oliver,89783.44,Support
1849,Shannon Carey,75466.48,HR
1850,Jose Harper,34384.48,Support
1851,Jessica Ferguson,55820.88,HR
1852,Laura Smith,51264.67,Support
1853,Christy Haynes,66512.46,Finance
1854,Melissa Murphy,88105.75,Engineering
1855,Shelley Martin,71280.85,Marketing
1856,Charles Thompson,111542.47,HR
1857,Thomas Patterson,70575.17,HR
1858,April Brown,110714.33,Engineering
1859,Lori Parker,54431.62,Finance
1860,Jason Nichols,33102.78,Finance
1861,Connor Miller,114794.16,Marketing
1862,Dwayne Russell,84758.31,HR
1863,Alyssa Murray,75432.37,Finance
1864,Valerie Collins,102566.48,Finance
1865,Lindsey Roberts,33234.69,Finance
1866,Mr. Travis Aguirre,114496.98,Sales
1867,Ashley Bowen,97003.17,Support
1868,Molly Williams,57049.32,Support
1869,Jeffery Brock,61140.02,Marketing
1870,Laura Garner,86555.65,Sales
1871,Jaime Schroeder,102687.54,Finance
1872,Miranda Perez PhD,51369.92,Support
1873,Gloria Bell,117538.02,Finance
1874,Ashley Weber,112801.04,Sales
1875,Lauren Bryant,88728.59,Support
1876,Mercedes Spence,94662.72,HR
1877,Angela Ramirez,70867.98,Marketing
1878,Miguel Koch,41168.82,Finance
1879,Theresa Clark,36186.41,Finance
1880,Travis King,67417.45,Engineering
1881,Linda Shelton,37059.98,Marketing
1882,Rebecca King,75579.92,Finance
1883,Cristian Jackson,55445.61,Support
1884,James Knight,94515.83,HR
1885,Matthew Hogan,92297.1,Sales
1886,Jessica Lee,69321.19,Engineering
1887,Amy Sharp,95956.89,Marketing
1888,Melissa Reyes,38175.96,Support
1889,Jessica Moreno,98029.84,Marketing
1890,Michele Ellis,110246.13,Engineering
1891,Heather Stone,106888.9,Marketing
1892,Michael Montgomery,68938.76,Engineering
1893,Megan Webb MD,111101.88,HR
1894,Leslie Cortez,84870.51,Support
1895,Jennifer Whitney,40950.24,Sales
1896,Timothy Smith,84099.08,Sales
1897,Christina Parsons,56299.82,Engineering
1898,Christina Cain,89694.74,Marketing
1899,Wendy Parker,48611.05,Finance
1900,Deborah Cohen,111628.53,Finance
1901,Nicole Bass,71775.23,Marketing
1902,Alexander Martin,110015.62,Marketing
1903,Dr. Amy Henry,62992.89,Engineering
1904,Maria Barker,55833.8,Finance
1905,Matthew Perry,87704.14,Finance
1906,Cheryl Wilkinson,107095.52,Finance
1907,Willie Navarro,83886.48,HR
1908,Sherry Moore,40388.3,Finance
1909,Sarah Flores MD,74559.01,Engineering
1910,Kevin Orozco,43308.24,Sales
1911,Heidi Morris,86381.04,Marketing
1912,Brian Fowler,39093.95,Sales
1913,John Hodges,42756.18,Marketing
1914,Crystal Sims,96070.61,Marketing
1915,Andrew Brown,77426.71,Engineering
1916,Joshua Rose,114414.17,Engineering
1917,Tiffany Baldwin,42508.7,HR
1918,Jennifer Higgins,37006.8,Sales
1919,William Hicks,38993.8,HR
1920,David Franklin,111143.48,Marketing
1921,Mark Tucker,88803.26,Finance
1922,Harold Harris,37819.36,HR
1923,Rachel Parsons,60583.83,Finance
1924,Michael Thomas,32983.85,Support
1925,Matthew Shannon,107990.35,Support
1926,William Wright,115606.23,Marketing
1927,Robert Jones,64186.46,Finance
1928,Brandy Dyer,116985.24,HR
1929,Eric Galloway,31529.61,Support
1930,Mrs. Danielle Clarke,62718.44,Finance
1931,Brenda Murphy,33023.25,Marketing
1932,Donna Rodriguez,31166.57,HR
1933,Jennifer English,64837.75,Marketing
1934,Lisa Williams,116094.07,Engineering
1935,Micheal Leonard,56367.11,Finance
1936,Casey Brown,45074.37,HR
1937,Morgan Miller,67835.38,Sales
1938,David Johnson,30943.62,Engineering
1939,Joshua Anderson,63758.77,HR
1940,Todd Williams,103675.51,HR
1941,April Chung,93685.29,Finance
1942,Tiffany Ross,46158.12,Engineering
1943,Amber Todd,61104.35,Engineering
1944,Steve Johnson,46326.13,HR
1945,Patricia Benson,89135.82,Sales
1946,Leslie Daugherty,33224.66,Finance
1947,Maria Oneal,91599.81,Support
1948,Lynn Price,91240.36,Marketing
1949,Christine Rosario,107600.55,Marketing
1950,Paul Ellison,102843.94,Engineering
1951,Melissa Montgomery,116601.9,Marketing
1952,Roy Carlson,113123.45,HR
1953,Eric Waller,47230.23,Marketing
1954,Christian Horn,50801.77,Marketing
1955,Julia Lewis,107514.24,Marketing
1956,Mr. Donald Johnson Jr.,77944.76,Sales
1957,Samuel Herrera,75459.37,Finance
1958,Jamie Kelley,75016.4,Marketing
1959,William Salazar,87982.82,Engineering
1960,Joyce Kelly,36938.98,HR
1961,Patricia Holloway,86725.18,Engineering
1962,Sharon Best,83207.76,Engineering
1963,Sandra Wilson,65444.66,HR
1964,Christopher Hayes,62198.63,Engineering
1965,Christopher Calhoun,108500.77,Engineering
1966,John Underwood,31531.99,Finance
1967,Shane Flynn,66827.08,Finance
1968,Nicholas Decker,43932.97,Engineering
1969,Daniel Sandoval,107334.17,Sales
1970,Michael Frey,81167.11,Engineering
1971,William Douglas,44836.32,HR
1972,Taylor Dean,75087.51,Sales
1973,Shawn Daugherty,38207.67,HR
1974,Victor Braun,85459.46,Support
1975,Jessica Chan,63823.17,HR
1976,Mark Waller,87345.1,Finance
1977,Brian Dean,44965.88,HR
1978,Jennifer Mitchell,73649.17,HR
1979,Laura Wells,45355.05,Support
1980,David Torres,33236.98,Engineering
1981,Joshua Bradley,61985.17,Support
1982,Pamela Riley,87932.76,Engineering
1983,Taylor Williams,88313.27,Finance
1984,Kevin Harrington,71669.43,Engineering
1985,Stephanie Vargas,95179.2,Marketing
1986,Jesus Martinez,65442.5,Support
1987,Bryan Newton,35023.76,Engineering
1988,Nicholas Frazier,36109.96,Engineering
1989,Michael Snyder,60041.94,HR
1990,Alexis Cruz,44165.1,Sales
1991,Sonia Hines,114777.02,Marketing
1992,Jessica Clark,91544.0,HR
1993,Jimmy Hawkins,76703.33,Sales
1994,Jennifer Graham,63731.7,Marketing
1995,Michael Leon,51151.43,Engineering
1996,Douglas Alvarez,104087.21,Engineering
1997,Jose Cobb,59614.6,Sales
1998,Beth Hines,97389.59,Sales
1999,Jerry Lawson,115938.48,Engineering
2000,Ronald Graham,33171.69,Sales
2001,Christy Todd,78339.5,Engineering
2002,Joel Johnson,91693.12,Support
2003,Danny Gonzales,117273.92,Finance
2004,Steven Silva,66755.81,Finance
2005,Karina Lane,65501.04,Marketing
2006,Christopher Fernandez,79197.58,Support
2007,Kent Salazar,66774.82,Finance
2008,Mrs. Peggy Woods MD,93270.56,Engineering
2009,Anthony Wright,40488.83,Sales
2010,Hayley Kelley,109847.29,Sales
2011,David Perez,53991.43,Support
2012,Terry Hudson,91566.0,Finance
2013,Natalie Gould,100202.52,Finance
2014,Jill Huang,84173.77,Marketing
2015,Jennifer Charles,75071.59,HR
2016,Trevor Wilcox,93630.34,Marketing
2017,Barbara Thompson,72112.24,Finance
2018,John Nelson,116853.41,Sales
2019,Walter Miller,114428.56,Finance
2020,Vanessa Johnson,65962.98,Support
2021,Todd Oliver Jr.,71068.53,Support
2022,John Glover,109069.06,HR
2023,Thomas Hughes,30735.84,Finance
2024,Joshua Turner MD,48052.12,Sales
2025,Katie Ramirez,65966.04,Marketing
2026,Noah Burke,34052.29,Sales
2027,Sandra Harvey,103031.05,Finance
2028,Ann Edwards,55452.37,Marketing
2029,Alexis Johnson,109614.75,Marketing
2030,April Kelly,48720.89,Sales
2031,Robert Smith,87660.24,HR
2032,Andrew Maxwell,68015.41,Sales
2033,David Mason,51628.84,Sales
2034,Courtney Sims,90961.9,Marketing
2035,Connie Baldwin,70259.04,Sales
2036,Stacy Henry,97174.55,HR
2037,Ernest Kim,43962.75,Support
2038,Mary Williams,100411.65,HR
2039,Jean Nguyen,55092.51,Marketing
2040,Omar Wiggins,60305.66,Sales
2041,Jessica Freeman,51845.32,Support
2042,Heather Charles,108532.55,Support
2043,Dr. Brandon Duke DDS,108293.68,Finance
2044,Brett Johnson,103943.99,HR
2045,Tracy Dixon,65397.99,Support
2046,Jeffrey Patel,38735.21,Support
2047,Kenneth Guerrero,103152.95,Support
2048,Stephanie Gibson,118311.66,Engineering
2049,James Sanders,109887.28,Finance
2050,Lori Howard,31968.0,Support
2051,Sabrina Smith,100379.31,Sales
2052,Matthew Anderson,83617.19,Engineering
2053,Sherry Choi,92010.23,HR
2054,Carrie Fisher,52846.87,Support
2055,Robert Harrison,59092.32,Support
2056,Karen Ramirez,73427.06,Sales
2057,John Compton,103224.0,Finance
2058,Christopher Griffin,43764.18,Sales
2059,Melissa Anderson,112570.02,Finance
2060,Gary Vasquez,99742.76,Marketing
2061,Nicole Anderson,62865.92,Marketing
2062,Raymond Johnson,86781.25,Sales
2063,Donald Gibson,30814.81,Marketing
2064,Brian Lawson,119728.59,Sales
2065,Jordan Smith,82410.26,HR
2066,John Herring,57914.74,Sales
2067,Susan Alvarez,98401.31,HR
2068,Ashley Jones,58797.34,Support
2069,Brandon Wagner,70654.38,Support
2070,Kathy James,100648.61,Engineering
2071,Stephanie Clark,41695.8,Finance
2072,Karl Myers,100493.72,HR
2073,Holly Gonzalez,110144.73,Support
2074,Patrick Gonzalez,108090.62,Marketing
2075,David Jones,55171.73,Support
2076,Marcus Johnston,79170.55,HR
2077,Pamela Davis,36336.11,HR
2078,Karina Burton,32413.88,HR
2079,Amanda Sullivan,72247.74,HR
2080,Timothy Myers,93403.48,Support
2081,Wendy George,80203.93,Marketing
2082,Alexander Padilla,100745.94,Finance
2083,Cole Kent,72664.21,Finance
2084,Kevin Lewis,69901.44,Support
2085,Nicholas Graham,35867.34,HR
2086,Regina Hopkins,39077.66,Sales
2087,Morgan Wright,54634.19,Engineering
2088,Jake Guerra,115062.29,Sales
2089,Jackie Walsh,30169.92,Support
2090,Patricia Johnston,49735.52,HR
2091,Stephen Lowe,58481.58,HR
2092,Kelly Young,111884.89,Marketing
2093,Cynthia Stafford,72407.79,Finance
2094,Samantha Miller,86186.77,Finance
2095,Jean Mccoy,38598.45,Sales
2096,Bailey Stafford,57538.64,HR
2097,Charles Daniels,34931.69,Finance
2098,Kayla Salinas DVM,92250.79,Marketing
2099,Alejandro Gay,78857.67,Engineering
2100,Jacqueline Jones,82539.27,Sales
2101,Steven Morgan,65353.35,Sales
2102,Evan Suarez,47564.56,HR
2103,Jennifer Parks,106670.71,Sales
2104,Sabrina Odonnell,32526.34,Marketing
2105,Tim Lopez,82290.7,Engineering
2106,Cassandra Edwards,100676.23,Sales
2107,Nancy Andrews,32027.69,Finance
2108,Pamela Cook,98808.31,Marketing
2109,Christina Sandoval,31384.79,Support
2110,Alexis Cortez,46559.24,HR
2111,Mark Anderson,113684.82,Finance
2112,Erik Mitchell,70940.97,Finance
2113,Stephanie Kim,34999.7,Finance
2114,Lisa Hall,42566.83,HR
2115,Kristina Cunningham,111414.12,Sales
2116,Anna Robinson,53746.22,HR
2117,Brian Castillo,114150.91,Marketing
2118,Karen Livingston,114225.02,Support
2119,Jaime Scott,102456.55,HR
2120,David Wood,37672.36,HR
2121,Danny Hendrix,56533.66,Marketing
2122,Robert Huff,33098.23,Engineering
2123,Charles Cunningham,83033.38,Finance
2124,Amy Wilson,90999.74,HR
2125,Linda Meyer,63662.71,HR
2126,Elizabeth Warner,69605.7,Sales
2127,Jamie Warren,47225.61,Sales
2128,Lisa Scott,103754.87,HR
2129,Veronica Moore MD,31466.99,Engineering
2130,Nicole Harper,30655.22,Sales
2131,Megan Weber,61341.91,Engineering
2132,Shawn Johnson,48438.81,Engineering
2133,Nicholas Kramer,61289.41,Engineering
2134,William Wilson,102611.7,Marketing
2135,Charles Scott,116185.05,HR
2136,Mr. Adrian Harrison,31274.54,Engineering
2137,Trevor Mills,74499.03,Sales
2138,Aaron Meyer,101927.73,Marketing
2139,Tracy Yang,82427.24,Marketing
2140,Peter Faulkner,44079.3,Support
2141,Erin Hicks,70324.12,Marketing
2142,Cassandra Obrien,52912.66,Marketing
2143,Bailey Good,53529.89,Finance
2144,Eric Daniel,55585.35,Marketing
2145,Barbara Roberts,96577.12,Marketing
2146,Amber Shepard,77388.82,Support
2147,Pamela Stewart,108736.41,Finance
2148,Laura Cox,78727.72,Marketing
2149,Donna Mann,109074.41,Engineering
2150,Robert Joyce,73797.18,Marketing
2151,Ronnie Allen,118779.38,Sales
2152,David Gardner,106267.57,Marketing
2153,Michelle Noble,92528.39,Marketing
2154,Jodi Hill,62407.33,Finance
2155,Tamara Harris,91024.16,Finance
2156,James Lopez,101922.36,Engineering
2157,Christopher Peters,118672.36,Engineering
2158,Dennis Edwards,31246.99,Support
2159,Christopher Bryant,72568.06,Sales
2160,Dana Fletcher,103197.24,HR
2161,Randy Crawford,30288.0,Support
2162,Benjamin Ayala,39949.33,Marketing
2163,Anne Bryan,69769.16,Sales
2164,Candice Warner,38865.63,Engineering
2165,Jonathan Miller,48507.8,Marketing
2166,Dustin Green,53506.18,Sales
2167,Eric Phillips,48711.74,HR
2168,Stephanie Washington,95984.33,HR
2169,Darren Huffman,91200.04,Marketing
2170,Madeline Lee,71345.55,HR
2171,Joshua Hunt,107390.46,Engineering
2172,Krystal Martin,61901.5,Engineering
2173,Brandon Eaton,67942.11,Engineering
2174,David Mccall,55089.92,HR
2175,George Sloan,62857.22,Sales
2176,Audrey Watson,108891.96,Support
2177,Joseph Avila,80521.58,Finance
2178,Eric Smith,87306.77,HR
2179,Vincent George,61125.93,Finance
2180,Daniel Taylor,71888.75,Marketing
2181,Jeffrey Cervantes,55450.71,Finance
2182,Taylor Martinez,44767.8,Support
2183,Anna Moore,65576.32,Engineering
2184,Benjamin Davis,88106.38,Finance
2185,Tony Salinas,111769.43,Marketing
2186,Lori Harris,43338.31,Engineering
2187,Calvin Jones,85474.22,Finance
2188,Todd Miles,39543.81,Sales
2189,Billy Moon,100596.17,Marketing
2190,Sheila Gibson,56517.15,Engineering
2191,Caroline Davis,30150.32,Sales
2192,Gail Rodriguez,95378.98,Sales
2193,Michael Harrington,44978.01,Support
2194,Mary Joyce,93129.81,Engineering
2195,Sharon Garcia,77423.25,Engineering
2196,Amanda Pittman,31649.44,Marketing
2197,Kathleen Watson,79574.73,Marketing
2198,Lauren Juarez,52238.29,Marketing
2199,Lisa Jones,97520.42,Engineering
2200,Richard James,109834.05,Engineering
2201,Erin Swanson,55005.37,HR
2202,Amanda Avila,93449.17,Engineering
2203,Wayne Myers,50566.36,Engineering
2204,Zachary Rice,66077.43,Support
2205,Albert Page,111049.75,Sales
2206,Jason Baker,53337.73,Marketing
2207,Jessica White,50032.49,Marketing
2208,Jacqueline Perry,37775.44,Sales
2209,Jacob Hayes,109456.81,Engineering
2210,Sarah Harrison,70392.56,Finance
2211,Donna Jones,99369.5,HR
2212,Julie Gallagher,72190.73,Finance
2213,Shari Wong,69496.6,Marketing
2214,Dr. Michael Winters,109452.67,HR
2215,Yvette Mckay,109790.99,Marketing
2216,Mr. Jason Mack,66016.82,Marketing
2217,Taylor Weaver,83900.65,Support
2218,Timothy Church,46793.58,Support
2219,Ronald Anthony,115411.04,Engineering
2220,Madison Phillips,36311.69,HR
2221,Philip Jacobson,103183.92,Finance
2222,Dr. Jade Hill MD,31471.61,Marketing
2223,John Singh,62758.89,Support
2224,Sherry Lee,58941.63,HR
2225,Rebecca Hicks,72531.53,Marketing
2226,Terry Rivera,33435.12,Finance
2227,David Jarvis,85171.22,Marketing
2228,Jordan Myers,33086.33,HR
2229,Erin Solomon,56574.92,HR
2230,Ricardo Morris,47325.69,HR
2231,Brenda Brown,82706.12,Finance
2232,Wyatt Lee,101058.23,Marketing
2233,Ruben Dunn,84329.55,Marketing
2234,Jason Greer,47026.02,Engineering
2235,Leslie Shelton,104095.38,Marketing
2236,Susan Ramos,58371.4,Support
2237,Krista Long,65069.8,Finance
2238,Dr. Ashley Davis DDS,34245.43,Sales
2239,April Williams,61862.21,Support
2240,Gregory Smith,108222.22,HR
2241,Brittney West,87723.71,Marketing
2242,Christina Villarreal,101623.85,Engineering
2243,Jeffrey Snow MD,55339.85,Support
2244,Lisa Alexander,33133.64,Finance
2245,David May,35541.51,Engineering
2246,Mackenzie King,46844.59,HR
2247,Brian Larson,51870.33,Support
2248,Hannah Nichols,105259.84,Engineering
2249,Jonathan Carter,107518.44,Engineering
2250,Donald Martinez,89051.96,Engineering
2251,Leah Dunn,34556.51,Engineering
2252,Morgan Stewart,51852.64,Support
2253,James Gordon,37296.16,HR
2254,Austin Wang,43012.79,Finance
2255,Dr. Jennifer Bowen,37988.95,Support
2256,Katie Hale,55099.61,Finance
2257,Jeffrey Wallace,94549.56,Engineering
2258,Brian Anderson,64976.9,Support
2259,Cynthia Williams,105684.84,Finance
2260,Cory Mathews,38705.58,HR
2261,Sean Brown,86212.43,Engineering
2262,Courtney Schneider,56629.58,Finance
2263,Albert Miller,52503.86,HR
2264,Eric Choi,82336.17,Support
2265,Susan Johnson,35103.71,Marketing
2266,Kelly Nguyen,107282.52,HR
2267,Robert Watkins,94703.63,Finance
2268,Ashley Mcdonald,87408.29,Sales
2269,Terri Combs,101373.95,HR
2270,Katelyn Le,97578.75,Marketing
2271,Mary Beltran,42307.13,Engineering
2272,Andrea Bennett,117808.23,Sales
2273,David Sanchez,38484.93,Sales
2274,Carl Alexander,95515.55,Sales
2275,Aaron Clark,64393.17,Support
2276,Victor Wood,102315.4,Support
2277,Julie Hughes,37526.46,Support
2278,David Davis,112471.92,Support
2279,David Edwards,44663.37,HR
2280,Gavin Simpson,33873.55,Sales
2281,Margaret Fleming,119446.2,Finance
2282,Robert Bishop,32846.68,Engineering
2283,Vincent Goodman,74547.97,Engineering
2284,Robert Stewart,55926.21,Engineering
2285,Andrea Walters,103853.46,Marketing
2286,Kimberly White,106773.27,Sales
2287,Theresa Brown,101479.51,Engineering
2288,Mary Rios,39193.93,Finance
2289,William Gallagher,81770.69,Marketing
2290,Matthew Salinas,53266.93,Finance
2291,Mary Evans,83590.62,Support
2292,Tammy Hobbs,112450.52,Marketing
2293,Laura Jackson,91526.04,Marketing
2294,Scott Johns,86843.34,Engineering
2295,Nicholas Adams MD,78167.8,Finance
2296,Leslie Wiley,69444.39,HR
2297,Nicholas Oneal,108130.42,Engineering
2298,Joshua Anthony,40164.54,Finance
2299,Leslie Murray,107209.02,Engineering
2300,Rebecca Macias,46794.88,Engineering
2301,Catherine Andrews,81262.22,Marketing
2302,Tyler Monroe,118342.81,Support
2303,Melanie Phelps,54447.3,Sales
2304,Gregory Hanson,90546.2,Marketing
2305,Karen Watson,108013.05,Finance
2306,Timothy Taylor,38823.25,Marketing
2307,Thomas Lewis,32679.5,Finance
2308,Tamara Ramsey,55774.22,Sales
2309,Benjamin Santana,70125.55,Marketing
2310,Theresa Merritt,108113.83,Finance
2311,Jessica Vega,43950.28,Sales
2312,Jeffrey Jackson,48563.14,Marketing
2313,Lynn Davis,83994.65,Sales
2314,Michael Boyd,116804.45,HR
2315,Taylor Cain,117046.62,Engineering
2316,Ralph Choi,104629.43,Marketing
2317,Drew Schmidt,97733.92,Sales
2318,Christopher Paul MD,66560.82,Marketing
2319,Sylvia Bell,82178.97,HR
2320,Brian Mills,37552.64,HR
2321,Thomas Dominguez,44046.65,Support
2322,Joshua Hughes,105978.7,Support
2323,Victoria Wood,32401.14,Support
2324,Lisa Thompson DVM,63777.95,Engineering
2325,Paula Rodriguez,118063.87,HR
2326,Elizabeth Holmes,74073.3,Support
2327,Christopher Nunez,111022.58,Engineering
2328,Carrie Lutz,107674.32,HR
2329,James Craig,50568.71,Sales
2330,Gina Crosby,45579.33,Marketing
2331,Melissa Young,56035.47,Sales
2332,Kimberly Johnston,99327.13,HR
2333,Brian Rhodes,56061.0,Sales
2334,Candace Dean,45383.97,Sales
2335,Christopher Brooks,43181.28,Finance
2336,Matthew Meyer,112494.98,Sales
2337,Matthew Thomas,98211.69,Support
2338,Zachary Beck,63386.06,HR
2339,Juan Moses,70586.64,Finance
2340,Kelly Munoz,59764.68,HR
2341,Leslie Pugh,34702.46,Finance
2342,Aaron Clarke,60992.52,Finance
2343,Tina Butler,69170.64,Marketing
2344,Jonathan Simmons,99494.31,HR
2345,Sean Nielsen,58986.25,Support
2346,Jason Mosley,119023.63,Support
2347,Mike Mitchell,75035.2,Engineering
2348,Heather King,30253.26,Sales
2349,Brian West,71071.59,Engineering
2350,Annette West,56151.48,Marketing
2351,Sarah Chang,119785.62,Engineering
2352,Christopher Cisneros,48018.85,Finance
2353,Matthew Gallagher,36703.22,Engineering
2354,Richard Griffith,35461.2,Marketing
2355,Allen Jackson,67025.71,HR
2356,Jennifer Collins,78916.44,Marketing
2357,Holly Marks,46323.42,Engineering
2358,Karen Carter,34293.93,Sales
2359,James Russell,58790.29,Support
2360,Kari White,84859.86,HR
2361,Diana Carroll MD,68606.25,Sales
2362,Melinda Moody,112324.26,Engineering
2363,William Kramer,100452.08,Sales
2364,Charles Lopez,56925.98,HR
2365,Michael Stephenson,88360.94,Finance
2366,Jennifer Smith,44731.99,Engineering
2367,Ryan Smith,53685.53,Sales
2368,Lisa Young,60342.68,Engineering
2369,Teresa Weaver,57784.71,HR
2370,Jason Valdez,30429.74,HR
2371,Steven Mccullough,66545.94,HR
2372,Steven Hill,75959.0,Engineering
2373,Robert Adkins,81204.7,HR
2374,Holly Turner,67736.91,Support
2375,Shannon Smith,110819.13,Engineering
2376,Dennis Gomez,33841.57,Finance
2377,Hunter Foster,93777.75,Sales
2378,Robert Pearson,113460.07,Marketing
2379,David Morales,91017.48,Engineering
2380,Tracy Mcgee,96084.49,Support
2381,Terrence Wilcox,72488.97,Support
2382,Henry Bradley,33486.51,Engineering
2383,Brenda Torres,103062.09,Support
2384,Marissa Henry,111561.12,Marketing
2385,Brianna Jackson,101429.82,Support
2386,Timothy Marshall,65217.86,Sales
2387,Mr. Zachary Barry,46690.17,Sales
2388,Julie Davenport,67871.36,HR
2389,Rebecca Williamson,104158.62,Sales
2390,Sheila Moreno,82424.27,Support
2391,Danielle Herring,92659.41,Engineering
2392,Kaitlyn Kramer DVM,112538.82,Marketing
2393,Danny Allen,83692.23,Sales
2394,Andrew Hudson,47130.96,Marketing
2395,Alan Schultz,77348.04,Finance
2396,Steven Myers,52851.85,Marketing
2397,Elizabeth Dyer,45297.55,Engineering
2398,Timothy Garza,100528.2,Finance
2399,Sandra Ferguson,66736.14,HR
2400,Gregory Frey,101416.46,Engineering
2401,Stephanie Vaughn,83830.49,Finance
2402,Dana Williams,55732.46,Finance
2403,Danielle Elliott,77061.8,Support
2404,Jonathan Murray,96670.38,HR
2405,Tara Grimes,32550.82,Marketing
2406,Kristine Scott,105224.57,Finance
2407,Deborah Moore,114429.37,Marketing
2408,Dennis Richards,102688.48,Engineering
2409,Keith Duke,66447.87,Finance
2410,Danielle Perez,40734.79,HR
2411,Daniel Reed,111421.53,Support
2412,Sierra Chavez,103789.47,Sales
2413,Joanna Hall,93694.44,Engineering
2414,Jennifer Greer,54018.49,Finance
2415,Scott Cook,33987.27,HR
2416,Alexandra Sanchez,95735.67,Finance
2417,Louis Cantrell,82090.01,HR
2418,Angel Hall,114976.69,Sales
2419,Toni Gutierrez,106317.08,Engineering
2420,Leslie Fowler,37722.64,Engineering
2421,Tina Patrick,31396.18,Finance
2422,Nancy Kennedy,91256.53,HR
2423,Henry Martin,107789.96,Marketing
2424,Susan Hudson,91031.16,Marketing
2425,Kenneth Mcguire,108909.42,Sales
2426,Mark Jones,64191.85,Support
2427,Lauren Blevins,47963.21,HR
2428,Mikayla Young,108222.68,Sales
2429,Tyler Lane,90570.87,Support
2430,Samantha Ray,56766.59,Engineering
2431,Sarah Sanders,97140.03,Marketing
2432,William Friedman,55517.29,HR
2433,Matthew Santiago,75431.37,Engineering
2434,Michele Harmon,110884.89,Marketing
2435,Chase Wilcox,111216.71,Marketing
2436,Ashley Robinson,111757.3,Engineering
2437,Nathan Jimenez,50122.77,Finance
2438,Paige Williams,32171.76,Finance
2439,Monica Hamilton,49898.3,Engineering
2440,Heather Collins,117181.1,Support
2441,Jessica Cohen,74396.61,Support
2442,Brian Ferguson,45340.23,Engineering
2443,Gabriel Medina,102682.37,Support
2444,Cassandra Patterson,30873.34,Sales
2445,Jaclyn Chase,62777.16,Sales
2446,Ryan Salazar,61146.67,Marketing
2447,Morgan Taylor,65744.31,Sales
2448,Regina Mccarthy,31684.67,Finance
2449,Stacy Sosa,109592.76,Finance
2450,Ryan Mcdaniel,75097.1,Finance
2451,Craig Perez,88856.71,Marketing
2452,Kyle Smith,94877.29,Sales
2453,Jerry Lyons,69371.03,Sales
2454,Lisa Lewis,115952.12,Marketing
2455,Carlos Moore,83534.01,Engineering
2456,Ronald Stewart,71919.24,Engineering
2457,Robert Solomon,49689.72,HR
2458,Dr. Robert Kaufman,63275.39,HR
2459,Stephanie Lambert,63921.08,HR
2460,Kathryn Robinson,99419.31,Support
2461,Allen Meyer,56018.33,Support
2462,Catherine Zuniga,78601.08,HR
2463,Sarah Zimmerman,79324.25,Sales
2464,Daniel Guzman,83768.11,Marketing
2465,Victoria Payne,113549.45,HR
2466,Brian Collins,100722.08,HR
2467,Anna Clark,76438.7,Marketing
2468,Linda Jones,91724.11,Engineering
2469,Patrick Johnson,111487.42,Marketing
2470,Nancy Smith,63753.65,Support
2471,Michelle Miller,116868.02,Finance
2472,Robin Hernandez,78409.03,Engineering
2473,Richard Taylor,104675.4,Sales
2474,Tina Jacobs,118772.53,Marketing
2475,Adam Sandoval,71494.56,Support
2476,Jacob Ramirez,110688.3,HR
2477,Patrick Tate,59570.9,Marketing
2478,Ricardo Moore,86057.93,HR
2479,Eric Hunter,116555.77,Support
2480,Michael Frederick,30369.05,Engineering
2481,Charles Sutton,59766.45,Engineering
2482,Robert Vaughan,48901.77,Engineering
2483,Sandra Wood,88411.62,HR
2484,Steven Sanchez,98195.42,Support
2485,Melissa Haas,55065.13,Support
2486,Matthew Harris,43283.29,Support
2487,Carol Dean,77756.08,Sales
2488,Ashley Frank,102532.99,Engineering
2489,Thomas Johnson,95516.1,Finance
2490,Candace Thomas,56626.22,Engineering
2491,John Cook,86406.35,Finance
2492,Cody Meadows,112182.3,Support
2493,Justin Williams,85102.21,Support
2494,Pedro Mitchell,97552.96,HR
2495,Stephanie Garrett,56849.48,Sales
2496,Jacqueline Hartman,62379.62,HR
2497,David Duran,94780.73,HR
2498,David Pruitt,73685.03,HR
2499,Tiffany Franklin,77197.68,Finance
2500,Brian Ramirez,95492.27,Finance
2501,Angel Alexander,79174.63,Marketing
2502,Kathryn Rodriguez,100611.61,Engineering
2503,Ryan Jimenez,84835.2,HR
2504,Luke Dominguez,106335.99,Engineering
2505,Deborah Hill,33960.28,Sales
2506,Paula Vasquez MD,95467.45,Finance
2507,Michael Davis,108322.52,Support
2508,Christopher Frazier,75447.02,Sales
2509,Stephanie Roth,49519.45,Finance
2510,Melody Webb,94908.96,Support
2511,Richard Mitchell,92935.03,Marketing
2512,Alicia Thornton,52189.04,Marketing
2513,Amy Frazier,92051.31,Sales
2514,Samantha Gilmore,60505.99,Support
2515,Brenda Lopez,81880.0,Sales
2516,Jessica Miller,49703.76,Finance
2517,Erica Palmer,99316.65,Support
2518,Mark Hall,83385.74,Support
2519,Jacob Martin,71280.48,Engineering
2520,Benjamin Mills,90790.49,Engineering
2521,Jeffrey Estrada,115047.19,Engineering
2522,Brianna Boyd,69772.45,Sales
2523,Nicole Tapia,64449.95,Engineering
2524,Jennifer Caldwell,95520.87,Support
2525,Robert Lawson,78750.63,Support
2526,Brian Kelley,40606.15,HR
2527,Mark Mccarthy,104934.15,Marketing
2528,Barry Sawyer,75169.74,Support
2529,Gary Reynolds MD,109019.26,Finance
2530,Joseph Meyer,94520.31,Engineering
2531,Stephanie Cobb,36135.21,Support
2532,Christopher Simmons,79062.67,HR
2533,Carmen Griffin,57072.86,Finance
2534,Andrew Hobbs,97050.63,Sales
2535,Christopher Ramirez,38682.69,Engineering
2536,William Henson,110166.47,Marketing
2537,Brian Craig,48499.21,Finance
2538,Beth Santos,52100.21,HR
2539,Carly Pope,33926.72,Finance
2540,Gloria Wallace,46669.12,Engineering
2541,David Haynes,90736.96,Marketing
2542,Shelby Landry,96238.66,Finance
2543,Tracy Johnson,102199.45,Support
2544,Wanda Scott,32223.47,Support
2545,Joseph Collier,63200.99,HR
2546,Steven Ward,44437.28,Support
2547,Barry Simpson,82871.4,Sales
2548,Teresa Rosario,39038.76,Engineering
2549,Scott Hill,105377.9,Engineering
2550,Mark Salinas,112434.79,Engineering
2551,Larry Rodriguez,64464.46,Engineering
2552,Bobby Mitchell,31630.63,Marketing
2553,Jessica Mills,31554.64,HR
2554,Mary Davis,107742.61,HR
2555,Michele Mack,116002.42,Marketing
2556,Laura Simmons,68193.67,Support
2557,Joseph Johnson,77938.6,Support
2558,Steven Wise MD,41164.56,HR
2559,Sarah Moon,44901.3,Sales
2560,Amanda Lutz,94903.3,Marketing
2561,Jean Moore,33598.62,Engineering
2562,Lindsay Cannon,44051.24,Support
2563,Steven Jones,93254.62,Engineering
2564,Nicholas Patel,103006.53,Support
2565,Robert Bell,77617.97,Marketing
2566,Mrs. Melissa Carrillo,116712.91,Marketing
2567,Jeffrey Coffey,69381.17,Support
2568,Daniel Davila,30870.22,HR
2569,Krista Flynn,116122.9,Engineering
2570,Sherri Wilson,62206.58,HR
2571,Kimberly Harris,58711.86,Marketing
2572,Christopher Parker,98888.44,Marketing
2573,Vanessa Smith,119614.8,Sales
2574,Kara Burton,44040.47,HR
2575,Mrs. Holly Maldonado,93320.33,Marketing
2576,Kevin Elliott,73065.79,Finance
2577,Kristi Green,40035.67,Finance
2578,Ms. Paula Nixon,37078.82,Sales
2579,Jonathan Carroll,67030.4,HR
2580,Amber Johnson,38301.72,Marketing
2581,Carla Williams,59750.49,Support
2582,Mike Santos,79284.33,Finance
2583,Christine Randolph,48793.77,Engineering
2584,Catherine Moore,49133.21,Support
2585,Julia Galloway,64660.64,Engineering
2586,Rebecca Stevens,106770.58,Marketing
2587,Michelle Fisher,50642.12,Marketing
2588,Christina Barrera,43760.93,Sales
2589,Kelly Wood,112965.37,Sales
2590,Lacey Sanders,117297.96,Finance
2591,Matthew Martin,43486.12,Sales
2592,Justin Black,114251.57,Sales
2593,Jacqueline Moore,52799.26,Sales
2594,Katie Acosta,52203.91,HR
2595,Elizabeth Butler,30837.34,Finance
2596,Lauren Rodriguez,109164.85,Support
2597,Danielle Washington,48423.86,Marketing
2598,Michael Crane,57628.59,Finance
2599,Sandra Herrera,35961.58,Sales
2600,Tammy Browning,103813.03,HR
2601,Richard Williams,46790.04,Marketing
2602,Anita Mitchell,113007.6,Marketing
2603,Michael Weiss,74122.89,Sales
2604,Eric Frazier,44836.62,Finance
2605,Joshua Carson,49882.68,HR
2606,Mark Cooper,96833.42,Support
2607,Sean Duncan,31309.14,Marketing
2608,Rebecca Walker,62118.25,Sales
2609,Max Cooper,112266.64,Finance
2610,Nancy Parks,96446.91,Marketing
2611,Amber Nguyen,55550.83,Support
2612,Jennifer Castillo,69000.53,Finance
2613,Megan Bartlett,93763.01,Marketing
2614,Barbara Wallace,66910.08,Support
2615,Alicia Hardin,112834.36,Engineering
2616,Christopher Smith,77490.25,HR
2617,Thomas Bennett,96314.23,Sales
2618,Brian Lane,36145.03,Support
2619,Susan Fernandez,50045.83,Marketing
2620,Susan Jackson,112074.9,HR
2621,Andrew Stafford,95134.85,HR
2622,Jason Smith,42350.86,HR
2623,Kristen Dunlap,100971.89,Engineering
2624,Sean Smith,33625.02,Marketing
2625,Christopher Perkins,105619.92,Marketing
2626,Marissa White,41761.23,Marketing
2627,Jonathan Sandoval,71141.98,HR
2628,Donna Ayers,37690.47,Support
2629,Andrew Long,55207.28,Marketing
2630,Dr. Brett Rivera,112021.78,Sales
2631,Eric Flynn,100986.85,HR
2632,Joyce Gonzales,108220.3,Sales
2633,Brandy Ball,111849.44,HR
2634,Juan Gill,115498.5,Marketing
2635,Anthony Lewis,85048.24,Marketing
2636,Ashley Meyers,32166.02,Marketing
2637,Sara Montgomery,49495.08,Finance
2638,Jonathan Wilcox,106904.04,Support
2639,Kimberly Olson,31175.99,HR
2640,Alan Campbell,83926.29,HR
2641,Christopher Mason,87210.26,Marketing
2642,Christopher Phillips,44067.93,Engineering
2643,Randall Ramirez,100615.67,Engineering
2644,Dawn Oconnell,119748.83,Support
2645,Peter Valenzuela,110044.48,Engineering
2646,Carl Watkins,55484.91,Engineering
2647,Christopher Wilson,113986.38,Support
2648,Alexis Jackson,107540.58,Finance
2649,Bruce Green,75926.74,Finance
2650,Susan Russell,72159.97,Engineering
2651,Joseph Kane,86505.98,Sales
2652,Robert Weeks,116281.89,Engineering
2653,Lisa Garza,119236.72,Sales
2654,Casey Price,69084.64,Sales
2655,Alexander Horn,118098.18,HR
2656,Heidi Robinson,99075.47,Marketing
2657,Pamela Turner,43726.23,HR
2658,Ashlee Cook,30017.11,Support
2659,Michael Stewart,75607.38,Marketing
2660,Jared Andrews,62875.56,Marketing
2661,Jonathan Peterson,111481.39,HR
2662,Sharon Martin,100992.89,Finance
2663,Jared Peterson,43007.22,Engineering
2664,Gary Hernandez,83531.41,Sales
2665,Jessica Gomez,34740.55,Finance
2666,Jessica Walters,36332.53,Sales
2667,Elizabeth Serrano,59953.82,Marketing
2668,Emily Johnson,80295.79,Marketing
2669,Chelsey Turner,92413.65,Sales
2670,Maria Rios,82667.82,Support
2671,Ashley Woodward,103431.16,Sales
2672,Nicole Miller,31899.91,Marketing
2673,Sarah Alvarez,65461.93,Finance
2674,Julie Evans,102332.89,HR
2675,Tara Conley,114717.9,Sales
2676,Erika Edwards,97178.16,Engineering
2677,Jill Contreras,86070.51,Finance
2678,Jennifer Munoz,67172.56,Support
2679,Rebecca Bradford,76785.7,Support
2680,Andrew Smith,73852.64,Sales
2681,Lisa Anderson,85427.28,Support
2682,Phyllis Myers,67300.83,Finance
2683,Nicole Henderson,105084.1,HR
2684,Curtis Richard,56243.44,Engineering
2685,Richard Ingram,93420.01,Finance
2686,David Thomas,48210.98,Engineering
2687,Stephanie Myers,77594.0,Engineering
2688,Jeanne Brown,74070.94,Sales
2689,Christopher Lewis,35493.82,Support
2690,Jessica Robles,75841.94,HR
2691,Jacob Bowman,51361.12,Finance
2692,Robert Shea,98833.54,Engineering
2693,Matthew Meadows,53841.55,HR
2694,Angelica Higgins,96882.48,Marketing
2695,David Coleman,66897.16,Marketing
2696,Carol Burton,50608.57,Support
2697,Paul Mclean,101395.59,Marketing
2698,Latoya Ford,110539.13,Support
2699,Joann Blair,82483.0,HR
2700,Lindsey Smith,46622.95,Sales
2701,Lisa Dixon,114353.61,Sales
2702,Krystal Gardner,118153.66,Support
2703,Mary Mack,65184.31,Support
2704,Carlos Chen,73484.62,Engineering
2705,David Hayden,61109.7,Support
2706,David Perez,98841.38,Support
2707,Alex Clark,42486.59,Engineering
2708,David Richard,99800.32,Sales
2709,Jeanne Petty,77197.5,HR
2710,Stephanie Ross,58685.13,Engineering
2711,Laura Torres,106355.08,Support
2712,Kaitlin Lee,56793.64,Support
2713,Brooke Perry,106336.57,Engineering
2714,Richard Pratt,36284.17,Support
2715,Julia Williams,79300.77,Finance
2716,Taylor Fletcher,54311.02,Engineering
2717,Rachel Gardner,56961.74,Sales
2718,Rachel Bishop,49213.86,Engineering
2719,Dana Brown,90034.82,Support
2720,Timothy Gibson,61051.68,Sales
2721,Jeremy Morrison,117861.22,Sales
2722,Lisa Mckay,48043.72,HR
2723,Gerald Parks,67081.13,Marketing
2724,Jeff Berry,66256.08,Sales
2725,Michael Harrison,104032.09,Support
2726,William Adams,105166.83,Marketing
2727,Tina Moody MD,84933.55,Marketing
2728,Robert Lopez,38778.31,Finance
2729,Renee Mann,85908.5,HR
2730,Stacy Porter,44338.42,Sales
2731,Ronald Perez,36469.4,Sales
2732,Zachary Calderon,34838.4,Engineering
2733,Victoria Smith,108612.77,HR
2734,Julie Clarke,80563.72,HR
2735,Monique Smith,98722.76,HR
2736,Michael Moreno,81164.06,Finance
2737,Summer Carroll,118077.77,Marketing
2738,Megan Rios,111898.26,HR
2739,Seth Griffin,80565.59,HR
2740,Jeffrey Peterson,82518.26,Engineering
2741,Morgan Anderson,38676.51,HR
2742,Sharon Hall,97381.65,Finance
2743,Kathleen Smith,80008.93,Support
2744,Michael Rodriguez,81080.48,Engineering
2745,Cheryl Jennings,91511.94,Sales
2746,Kathryn Davis,41906.15,Engineering
2747,Cameron Scott,50878.92,Engineering
2748,Christine Lopez,114367.96,Finance
2749,Nicholas Kelly,34060.59,Sales
2750,Joseph Johnson,41281.75,HR
2751,Robert Sanders,31480.73,Support
2752,Bethany Wolf,66528.47,Sales
2753,Megan Obrien,96807.47,Marketing
2754,Christopher Lyons,51988.56,Marketing
2755,Derek Shaffer,46313.91,Engineering
2756,Jennifer Mccann,108097.54,Marketing
2757,Patrick Gonzalez,112887.19,Support
2758,Frank Weaver,32196.38,Finance
2759,Daniel Mcdowell,110359.2,HR
2760,Shane Reynolds,64528.23,Marketing
2761,Greg Wood,51971.59,Marketing
2762,Chelsea Robinson,53328.05,Finance
2763,Jessica Whitehead,43767.6,HR
2764,Matthew Sandoval,100897.94,HR
2765,Jeffrey Haynes,113261.52,HR
2766,Nicole Russell,110986.21,Finance
2767,Andrew James,84744.73,Finance
2768,Jo Watts,106874.62,HR
2769,Theodore Smith,50631.4,Engineering
2770,David Ortiz,107210.39,Sales
2771,Michelle Price,30088.87,Support
2772,Renee Elliott,74847.41,Engineering
2773,Jodi Duncan,30862.54,Support
2774,Samantha Browning,37071.46,HR
2775,Kaylee Evans,103725.94,Sales
2776,Allison Lee,60457.48,Sales
2777,Cheryl Mcdaniel,118672.4,Sales
2778,Nicole Murray,34918.66,Support
2779,Johnathan Simmons,108673.39,Sales
2780,Reginald Jones,49124.69,Marketing
2781,Courtney Bennett,64607.72,Engineering
2782,Susan Brooks,37941.62,Sales
2783,Albert Maddox,101985.52,Finance
2784,Kyle Rodriguez,112654.9,Engineering
2785,Michael Anderson,45999.52,Finance
2786,Wesley Guzman,92462.4,HR
2787,Jessica Simpson,55925.46,Finance
2788,Janice Shelton,114616.7,Engineering
2789,Dana Johnson,79360.06,Support
2790,Kevin Johnson,119504.39,Marketing
2791,Mr. Jesse Johnson,112375.44,Sales
2792,Michael Ellison,112964.26,Sales
2793,Brandon Cochran,48380.22,Finance
2794,Melissa Bell,86798.11,Engineering
2795,Alexander Tapia,114909.07,Support
2796,Patricia White,89350.39,Finance
2797,Jacob Miller,37841.85,Marketing
2798,Rachel Campbell,117928.25,HR
2799,Ryan Martinez,45767.73,Support
2800,Jeffrey Shaffer,74744.03,Finance
2801,Natalie Krause,115721.92,Engineering
2802,Daniel Jackson,103398.49,Marketing
2803,Mary Lopez,79847.12,Engineering
2804,Morgan Kennedy,115357.37,Finance
2805,Jeffrey Russell,75387.48,Finance
2806,Sarah Jackson,94423.11,Sales
2807,Nicole Burgess,99654.73,Finance
2808,Andrew Ellis,86665.0,Support
2809,Jonathan Porter,113769.82,Sales
2810,Crystal Davis,58845.07,HR
2811,Stacy Ross,78657.95,Sales
2812,Daniel Harrison,41709.58,Finance
2813,Michelle Hall,62695.97,Marketing
2814,Elizabeth Baker,45921.52,Sales
2815,Carly Barber,48939.49,Finance
2816,Michael Mills,116089.55,Support
2817,Tyler Scott,66055.69,Marketing
2818,Jamie Foster,111192.79,Sales
2819,Jonathan Miller,36599.64,Finance
2820,William Rice,47928.77,HR
2821,Hannah Hodges,104312.71,Sales
2822,Rebecca Rodriguez,101168.71,Finance
2823,Russell Taylor,46910.88,Support
2824,Rebecca Lawrence,41087.74,Engineering
2825,Nancy Parker,89729.24,Sales
2826,Joy Barnett,35335.99,Engineering
2827,Frances Rasmussen,77919.05,Support
2828,Scott Cherry,112609.09,Support
2829,Clinton Anderson,70261.03,HR
2830,Elizabeth Caldwell,116086.77,Engineering
2831,Brady Parks,88022.59,HR
2832,Michelle Waters,101943.32,Support
2833,Joseph Brown,47144.59,Sales
2834,Christopher Ramirez,59897.66,Sales
2835,Jordan Ellis,60238.21,Engineering
2836,Timothy Monroe,87273.67,HR
2837,Tyler Nash,72167.0,Sales
2838,Melinda Gates,44236.61,Sales
2839,Richard Hebert,52686.26,HR
2840,Jacob Lewis,55375.66,HR
2841,Terry Garcia,34889.76,Support
2842,Mark Salazar,88194.53,HR
2843,Lawrence Snyder,49562.98,Finance
2844,Paul Gilbert,38552.33,Engineering
2845,Robin Hartman,77267.33,Marketing
2846,April Evans,109628.17,Marketing
2847,Anthony Wagner,98763.75,Finance
2848,Katrina Farley,78286.7,Marketing
2849,Stephanie Cook,33083.08,Support
2850,Christopher Campbell,114648.28,Sales
2851,Patricia Pineda,96164.79,Marketing
2852,Richard Cantrell,64617.56,Marketing
2853,Amanda Calderon,96865.74,Marketing
2854,James Miller DDS,77450.83,Marketing
2855,Sandy Pennington,60684.73,Engineering
2856,Antonio Jones,36064.16,HR
2857,Christina Dyer,57336.77,Engineering
2858,Patty Holloway,78853.78,Engineering
2859,Christopher Small,48556.85,Marketing
2860,Tammy Reyes,83301.39,Sales
2861,Steven Taylor,47938.75,Sales
2862,Robert Lowery,34540.23,Support
2863,James Thomas,40388.62,Marketing
2864,Kelly Evans,75308.97,HR
2865,Tracy Holmes,55716.29,Engineering
2866,Brenda Padilla,31031.61,Marketing
2867,Tammy Johnson,75534.28,Support
2868,James Woods,111886.86,Sales
2869,Shannon Logan,68439.52,Support
2870,Sheryl White,87710.44,Finance
2871,Tyler Wells,71713.32,Engineering
2872,Nicholas Yu,94748.16,Sales
2873,Melissa Mclean,47698.44,Finance
2874,Joy Allison,111508.47,HR
2875,Erica Hughes,86698.8,Support
2876,Catherine Mathews,101796.36,Support
2877,Ronald Thompson,84316.95,Finance
2878,Gabriel Hahn,85669.45,Finance
2879,Christina Shah,48734.59,Sales
2880,Alexis Hall,76184.21,HR
2881,Phillip Mccarthy,75620.23,Support
2882,Joshua Braun,67117.72,Marketing
2883,Ryan Browning,62523.92,Finance
2884,Zoe Mueller,52746.57,HR
2885,Linda Hughes,30960.46,Support
2886,Rebekah Graham,30922.01,Engineering
2887,Cody Barker,108161.95,Support
2888,Lori Pitts,45645.55,Support
2889,William Kelly,112736.91,Marketing
2890,Tony Merritt,109579.92,Marketing
2891,Jennifer Smith,113412.54,Finance
2892,Joshua Bennett,101711.46,Support
2893,Edward Medina,37932.77,Marketing
2894,Richard Myers,102558.02,Engineering
2895,Ian Smith,115045.27,HR
2896,Ronnie Maddox,39568.0,Support
2897,Jordan Patel,83858.99,Marketing
2898,Paul Kennedy,46319.49,Sales
2899,Eugene Gordon,52521.98,Engineering
2900,Cynthia Campbell,77840.52,Engineering
2901,Sarah Turner,59752.63,Support
2902,Kristi Williams,104060.11,Engineering
2903,Anthony Brown,35152.1,Marketing
2904,Taylor Foley,107376.58,HR
2905,Jacob Nelson,44210.91,Marketing
2906,Lauren Wilson,118816.47,Finance
2907,David Huffman,95358.22,Marketing
2908,Douglas Rojas,74601.62,Support
2909,Henry Robinson,39012.36,Support
2910,Deanna Delacruz,118659.18,Sales
2911,Lisa Raymond,101622.6,Marketing
2912,Michael Doyle,73709.23,Marketing
2913,Stephen Benson,63912.98,Support
2914,Thomas Allison,96182.67,Sales
2915,Javier Howe,108123.61,Marketing
2916,Mackenzie Rose,59450.55,Engineering
2917,Gilbert Collins,79028.97,Support
2918,Ashley Smith,88530.5,Marketing
2919,Vanessa Crane,40803.21,Sales
2920,Rachael Morales,115156.5,Engineering
2921,Adam Love,42348.36,HR
2922,Brent Glenn,51876.81,HR
2923,Angela Hendricks DDS,102542.73,Sales
2924,Martha Ramirez,68112.87,Support
2925,Dennis Larson,86912.76,Engineering
2926,Kim Pena,96565.46,Sales
2927,Justin Thomas,105498.07,Support
2928,Chase Turner,55627.84,HR
2929,Christopher Rojas,85347.34,Finance
2930,Nicole Goodwin,107104.15,Engineering
2931,Sarah Lara,96290.77,Support
2932,Jeffrey Miller,79053.26,Support
2933,Courtney Blair,103525.65,HR
2934,Donna Bush,118904.24,Engineering
2935,Juan Barber,116798.38,HR
2936,Ashley Long,94697.41,Marketing
2937,Mary Reynolds DVM,35835.23,Support
2938,Michael Serrano,117745.25,Engineering
2939,Cindy Black,103804.55,Engineering
2940,Michael Wilson,83243.0,Engineering
2941,Patricia King,118920.88,Sales
2942,Taylor Stephens,47378.39,Marketing
2943,Steven Williams,80109.67,Finance
2944,Gregory Acosta,43091.06,HR
2945,Ashley Stanton,105926.43,Marketing
2946,Kelly Wolf,89220.64,Finance
2947,Michael Fritz,35049.38,Support
2948,Amy Rodgers,70125.44,Marketing
2949,Lauren Wilson,82136.91,Engineering
2950,Sarah Fletcher,110380.3,Support
2951,Paul Nguyen,110758.14,Marketing
2952,Mrs. Carol Moore,69620.0,Marketing
2953,Tiffany Howard,84022.39,Marketing
2954,James Mcdonald,114618.49,Sales
2955,Erin Franco,76661.46,Engineering
2956,Stephanie Robinson,116651.49,Support
2957,Thomas Clark,114513.06,HR
2958,Cassie Patton,53951.17,Engineering
2959,Eric Schultz,70324.69,Sales
2960,Denise Boyd,106636.53,Finance
2961,Tiffany Martinez,80446.46,Sales
2962,John Bennett,95643.62,Support
2963,Brittney Fowler,97023.97,Sales
2964,Charles Hunter,71910.92,Marketing
2965,Mary Parker,49711.76,HR
2966,Joseph Gonzalez,72872.15,HR
2967,Ashley Mann,42282.31,Support
2968,Barry Hunt,43842.29,Sales
2969,Chelsey Jones,38935.77,Engineering
2970,Adam Garcia,41120.49,HR
2971,Don Patterson,40038.94,HR
2972,Ricardo Richards,115552.97,Sales
2973,Alison Bell,83523.53,Marketing
2974,Kathryn Parker,31686.98,Support
2975,Sharon Sims,93993.87,Marketing
2976,Ryan Miller,73874.44,Marketing
2977,Martin Clark,37829.28,Marketing
2978,Teresa West,82263.93,Sales
2979,Catherine Saunders,48341.09,Marketing
2980,Joseph Vega,110020.23,Marketing
2981,Michael Dickerson,44760.09,Marketing
2982,Mark Orozco,31494.76,HR
2983,Amber Michael,100110.08,Sales
2984,Jacqueline Smith,78189.93,Engineering
2985,Sandy Aguilar,63834.75,HR
2986,Natalie Gomez,34542.31,Support
2987,Bonnie Sweeney,101639.12,Support
2988,Derek Meadows,112923.03,Support
2989,John Herrera,41760.55,Finance
2990,Thomas Day,118425.69,Sales
2991,George Chen,102167.16,HR
2992,Samantha Edwards,103790.62,Support
2993,Jeremy Oconnell,67934.74,Support
2994,Jessica Bryant,72469.34,Marketing
2995,Ashley Drake,68182.26,Finance
2996,Chase Miller,90382.65,Finance
2997,Allison Solis,117373.12,Finance
2998,John Smith,45867.37,HR
2999,Dustin Taylor,60155.84,Marketing
3000,Tim Phillips,94943.75,Engineering
3001,Felicia Parker,96334.98,Sales
3002,Roy Rose,47820.24,Support
3003,Jamie Underwood,83019.3,Support
3004,Oscar Campbell,68568.83,Sales
3005,Kathryn Hill,96391.83,Support
3006,Sharon Frank,50316.88,HR
3007,Karina Pena,46894.69,Support
3008,Ashley Lin,113781.67,HR
3009,Audrey Cook,103491.46,Sales
3010,Jordan Hughes,78255.74,Finance
3011,Kevin Rivera,109405.92,Marketing
3012,Amy Hensley,67781.04,HR
3013,Jesse Johnston,38280.48,Sales
3014,John Roberts,62721.86,Support
3015,Nathaniel Collins,97192.91,Support
3016,Regina Manning,51599.77,Support
3017,Chelsea Hernandez,60778.81,Marketing
3018,Dr. Amanda French DDS,36356.7,Engineering
3019,Jeffrey Marshall,38295.05,Engineering
3020,Emily Conrad,118054.45,HR
3021,John Walton,101497.2,HR
3022,Alan Mcintyre,50447.85,Support
3023,Jennifer Edwards,98429.38,Support
3024,Natalie Freeman,55713.79,Engineering
3025,Sarah Hoover,32606.96,Marketing
3026,Kevin Williams,43536.46,Engineering
3027,Brandy Peterson,63013.5,Marketing
3028,Stephanie Bradley,118431.47,HR
3029,Abigail Brooks,61543.97,Engineering
3030,Michael Miles,48099.98,Sales
3031,Claudia Barr,42498.41,Support
3032,Donna Baldwin,97475.79,Marketing
3033,Jane Marks,42020.52,Engineering
3034,Kristin Richardson,75611.97,Sales
3035,Johnny Hughes,47281.41,Marketing
3036,Pamela Hopkins,92615.33,Support
3037,Edward Mitchell,104786.89,Sales
3038,Lisa Smith,80695.19,Marketing
3039,Sonya Neal,52172.58,HR
3040,Brian Richardson,79581.4,Finance
